seed,shape,factor,hidden,mean_dev,mean_energy,success,n_evade,horizon,beta
0,straight,hidden,8.0,30.152019336383074,0.14873521978439444,26.245847176079735,7,,
0,circle,hidden,8.0,23.32009620781172,0.13920628491962328,33.88704318936877,8,,
0,polyline,hidden,8.0,20.095803027453695,0.1244386980586716,46.51162790697674,5,,
0,straight,hidden,16.0,31.826110107960346,0.14865073944730536,21.262458471760798,7,,
0,circle,hidden,16.0,25.588184803333395,0.13490090164218624,30.89700996677741,6,,
0,polyline,hidden,16.0,17.083664056364576,0.11897338162396667,56.810631229235874,4,,
0,straight,hidden,32.0,30.4782641276504,0.1336853062115171,24.916943521594686,8,,
0,circle,hidden,32.0,26.51293020016838,0.13638326122920644,29.568106312292358,6,,
0,polyline,hidden,32.0,20.908617752644044,0.1282197793171124,44.85049833887043,7,,
0,straight,horizon,,31.618873768489962,0.14829960738756018,28.903654485049834,6,2.0,
0,circle,horizon,,25.588184803333395,0.13490090164218624,30.89700996677741,6,2.0,
0,polyline,horizon,,22.011620469404225,0.13150061597050822,44.18604651162791,5,2.0,
0,straight,horizon,,31.826110107960346,0.14865073944730536,21.262458471760798,7,4.0,
0,circle,horizon,,25.588184803333395,0.13490090164218624,30.89700996677741,6,4.0,
0,polyline,horizon,,17.083664056364576,0.11897338162396667,56.810631229235874,4,4.0,
0,straight,horizon,,29.59432313158923,0.14645614824128045,24.25249169435216,10,8.0,
0,circle,horizon,,23.666450592095547,0.12467972803116766,35.548172757475086,5,8.0,
0,polyline,horizon,,21.866200191998093,0.11645796475654277,42.857142857142854,8,8.0,
0,straight,beta,,33.072227663967645,0.14433030442173603,23.588039867109632,9,,0.15
0,circle,beta,,21.62901072891144,0.13677022133790184,33.5548172757475,6,,0.15
0,polyline,beta,,21.11538378462626,0.12700232669433906,43.85382059800664,9,,0.15
0,straight,beta,,31.826110107960346,0.14865073944730536,21.262458471760798,7,,0.35
0,circle,beta,,25.588184803333395,0.13490090164218624,30.89700996677741,6,,0.35
0,polyline,beta,,17.083664056364576,0.11897338162396667,56.810631229235874,4,,0.35
0,straight,beta,,37.650634639801645,0.15271556839049935,22.259136212624583,8,,0.55
0,circle,beta,,27.262846778160387,0.15267109542182375,23.25581395348837,7,,0.55
0,polyline,beta,,23.744927170041777,0.12886175049740908,37.54152823920266,5,,0.55
1,straight,hidden,8.0,33.082175701754004,0.15063995785321918,23.25581395348837,8,,
1,circle,hidden,8.0,26.111043390176047,0.1334651145220078,30.89700996677741,9,,
1,polyline,hidden,8.0,18.51364670904439,0.1436369019293765,45.51495016611295,7,,
1,straight,hidden,16.0,25.878304194298888,0.1376696496294004,31.22923588039867,5,,
1,circle,hidden,16.0,24.13045275354025,0.13926224802630682,32.22591362126246,7,,
1,polyline,hidden,16.0,21.065956117741347,0.13700788242111903,45.182724252491695,9,,
1,straight,hidden,32.0,26.550487122983927,0.13730475914584453,31.22923588039867,5,,
1,circle,hidden,32.0,23.236226728917767,0.1360222085748286,33.88704318936877,6,,
1,polyline,hidden,32.0,18.820726590530942,0.12568027386521913,51.162790697674424,6,,
1,straight,horizon,,33.06975303866725,0.1505340006608913,22.92358803986711,8,2.0,
1,circle,horizon,,23.2297918282993,0.13889013595637678,34.883720930232556,7,2.0,
1,polyline,horizon,,20.634429749688035,0.1402302953453235,45.182724252491695,8,2.0,
1,straight,horizon,,25.878304194298888,0.1376696496294004,31.22923588039867,5,4.0,
1,circle,horizon,,24.13045275354025,0.13926224802630682,32.22591362126246,7,4.0,
1,polyline,horizon,,21.065956117741347,0.13700788242111903,45.182724252491695,9,4.0,
1,straight,horizon,,28.28082672394857,0.14745481529765547,25.249169435215947,9,8.0,
1,circle,horizon,,23.953979908689732,0.1354304420374507,31.893687707641195,6,8.0,
1,polyline,horizon,,19.38205624914263,0.12792854759079145,49.501661129568106,6,8.0,
1,straight,beta,,25.37458382973961,0.14322545992958902,33.222591362126245,4,,0.15
1,circle,beta,,26.60866542878515,0.13457353766181074,28.23920265780731,6,,0.15
1,polyline,beta,,22.523763490463264,0.12681998278775256,43.85382059800664,5,,0.15
1,straight,beta,,25.878304194298888,0.1376696496294004,31.22923588039867,5,,0.35
1,circle,beta,,24.13045275354025,0.13926224802630682,32.22591362126246,7,,0.35
1,polyline,beta,,21.065956117741347,0.13700788242111903,45.182724252491695,9,,0.35
1,straight,beta,,25.951518826870306,0.15055134256617658,26.578073089701,7,,0.55
1,circle,beta,,25.830328586240768,0.1386631017418225,31.893687707641195,6,,0.55
1,polyline,beta,,21.518948567857638,0.15071532827489661,36.21262458471761,7,,0.55
2,straight,hidden,8.0,20.274811078565683,0.14546442461081166,39.8671096345515,7,,
2,circle,hidden,8.0,22.96693944090915,0.14642850535987473,32.89036544850498,8,,
2,polyline,hidden,8.0,20.881074957360354,0.12701545621490354,42.524916943521596,5,,
2,straight,hidden,16.0,24.15644671730959,0.13367829650076435,33.222591362126245,5,,
2,circle,hidden,16.0,22.139101231925885,0.13981950798739903,34.55149501661129,6,,
2,polyline,hidden,16.0,20.86022815971083,0.1524211322450199,35.548172757475086,8,,
2,straight,hidden,32.0,27.969011420792796,0.14363545902227157,28.903654485049834,10,,
2,circle,hidden,32.0,23.403707632753687,0.14560526295373538,32.55813953488372,7,,
2,polyline,hidden,32.0,19.406860885320157,0.15486694716803848,40.19933554817276,12,,
2,straight,horizon,,21.970928817315496,0.15696875776441174,31.561461794019934,8,2.0,
2,circle,horizon,,22.67423689641565,0.13914142048829667,30.564784053156146,7,2.0,
2,polyline,horizon,,20.137215976809394,0.14975093250810567,41.19601328903654,12,2.0,
2,straight,horizon,,24.15644671730959,0.13367829650076435,33.222591362126245,5,4.0,
2,circle,horizon,,22.139101231925885,0.13981950798739903,34.55149501661129,6,4.0,
2,polyline,horizon,,20.86022815971083,0.1524211322450199,35.548172757475086,8,4.0,
2,straight,horizon,,30.087730034583014,0.1416328476696069,29.900332225913623,4,8.0,
2,circle,horizon,,23.145569880125905,0.13435592267846616,35.880398671096344,6,8.0,
2,polyline,horizon,,22.09591946422463,0.13293710466265055,40.19933554817276,7,8.0,
2,straight,beta,,24.67897633418378,0.16114100685563218,26.578073089701,7,,0.15
2,circle,beta,,22.12544968221226,0.14644604826815233,34.883720930232556,7,,0.15
2,polyline,beta,,20.932619376455143,0.13132781817043096,43.18936877076412,8,,0.15
2,straight,beta,,24.15644671730959,0.13367829650076435,33.222591362126245,5,,0.35
2,circle,beta,,22.139101231925885,0.13981950798739903,34.55149501661129,6,,0.35
2,polyline,beta,,20.86022815971083,0.1524211322450199,35.548172757475086,8,,0.35
2,straight,beta,,19.459585066692547,0.14361139137041595,43.521594684385384,3,,0.55
2,circle,beta,,25.77799195859558,0.1402592055051937,30.89700996677741,6,,0.55
2,polyline,beta,,17.79495312730727,0.11918585756477712,51.82724252491694,5,,0.55
