seed,shape,method,mean_dev,adaptation,n_evade,min_dist,mean_energy,success
0,straight,Pure Pursuit,21.00498891335956,11.5,14,3.8609393792192055,0.15472506540886424,37.54152823920266
0,straight,Line of Sight,13.969287176976275,20.5,9,1.5889738380598857,0.15579805313272563,52.159468438538205
0,straight,Vector Field,29.499099657800162,80.5,8,15.737257742803266,0.16082759885513842,12.956810631229235
0,straight,Nonlinear Stabilization,26.733675289299985,35.0,7,0.38453300499210563,0.15026010053041114,29.900332225913623
0,straight,Proposed AI,31.826110107960346,34.0,7,3.976628674085246,0.14865073944730536,21.262458471760798
0,circle,Pure Pursuit,16.382977676563318,2.5,7,0.26642986312155514,0.16271931723660218,42.524916943521596
0,circle,Line of Sight,14.213193024551465,8.5,11,1.614129179209943,0.1680093010075867,52.823920265780735
0,circle,Vector Field,20.71527487501284,15.5,9,3.7323594122739987,0.14982262676564276,39.8671096345515
0,circle,Nonlinear Stabilization,20.730878879922614,16.0,6,9.35127560662897,0.1539036160475719,37.2093023255814
0,circle,Proposed AI,25.588184803333395,19.5,6,19.86565118818124,0.13490090164218624,30.89700996677741
0,polyline,Pure Pursuit,18.960344313331134,11.5,9,3.8609393792192055,0.15969400771402908,38.53820598006645
0,polyline,Line of Sight,12.444667107035315,15.5,12,4.403294945498596,0.15732053054485826,51.82724252491694
0,polyline,Vector Field,20.835230967720612,20.0,6,14.548060229547787,0.1460277397005172,39.8671096345515
0,polyline,Nonlinear Stabilization,17.435521446143092,16.5,10,8.073241306109846,0.15170366732387247,42.857142857142854
0,polyline,Proposed AI,17.083664056364576,23.5,4,6.92237125488265,0.11897338162396667,56.810631229235874
1,straight,Pure Pursuit,25.391386987696368,14.0,9,4.1102797537514135,0.14901513022618543,33.5548172757475
1,straight,Line of Sight,19.723663650520447,13.0,17,3.025070148208437,0.1507485135109301,42.19269102990033
1,straight,Vector Field,31.641333556113985,44.5,6,7.6360514758867035,0.15041760734650822,21.59468438538206
1,straight,Nonlinear Stabilization,28.24914007122436,34.5,10,6.092465495128397,0.1508420930756728,28.57142857142857
1,straight,Proposed AI,25.878304194298888,42.0,5,2.4579096887233867,0.1376696496294004,31.22923588039867
1,circle,Pure Pursuit,16.27061685903646,12.0,14,1.340336146136174,0.1668834437880371,42.19269102990033
1,circle,Line of Sight,15.542418593287508,8.0,12,0.20176708086938788,0.15549212556143718,48.50498338870432
1,circle,Vector Field,20.847185540244414,18.0,9,8.51845095942978,0.1513847808092155,39.8671096345515
1,circle,Nonlinear Stabilization,21.171592919491562,17.5,10,8.8517497928483,0.14555669615597988,37.87375415282392
1,circle,Proposed AI,24.13045275354025,19.0,7,10.374136459856826,0.13926224802630682,32.22591362126246
1,polyline,Pure Pursuit,20.333942685042278,14.0,8,4.686656966018354,0.15775149378254,37.2093023255814
1,polyline,Line of Sight,12.310640643181731,13.5,12,3.088673309369927,0.15764697932530095,50.83056478405316
1,polyline,Vector Field,18.713758237397222,20.5,5,11.948311985181443,0.14609754270460856,45.84717607973422
1,polyline,Nonlinear Stabilization,21.826358495972705,20.5,6,8.383630848817596,0.14767004882774465,41.86046511627907
1,polyline,Proposed AI,21.065956117741347,15.0,9,5.950955089733061,0.13700788242111903,45.182724252491695
2,straight,Pure Pursuit,29.9191392812762,44.5,16,4.104661322305413,0.15385067136077613,27.57475083056478
2,straight,Line of Sight,11.85939322260472,14.5,13,1.9618279640908458,0.15591298683980015,51.162790697674424
2,straight,Vector Field,26.070158156818437,16.0,10,4.360590697221204,0.16002596850884554,29.900332225913623
2,straight,Nonlinear Stabilization,23.80797107074069,13.5,9,5.247555953387749,0.15302498836318607,33.5548172757475
2,straight,Proposed AI,24.15644671730959,22.0,5,6.639046276952571,0.13367829650076435,33.222591362126245
2,circle,Pure Pursuit,16.583117591509723,9.0,12,3.7585910554442847,0.16160088525597524,42.857142857142854
2,circle,Line of Sight,22.631374145187426,2.5,13,5.781121185359691,0.12560757500969125,33.88704318936877
2,circle,Vector Field,20.202493850226045,17.0,5,8.988566009856235,0.13970456267739728,44.85049833887043
2,circle,Nonlinear Stabilization,19.14374753617947,15.0,8,7.821519818468552,0.1530765185197132,41.19601328903654
2,circle,Proposed AI,22.139101231925885,19.0,6,13.052554547871608,0.13981950798739903,34.55149501661129
2,polyline,Pure Pursuit,13.833836341651583,16.0,7,1.7130450547937883,0.16332366591905798,44.518272425249165
2,polyline,Line of Sight,11.85939322260472,14.5,13,1.9618279640908458,0.15591298683980015,51.162790697674424
2,polyline,Vector Field,21.763020101805203,16.0,8,5.701030018905652,0.1494026207325022,37.87375415282392
2,polyline,Nonlinear Stabilization,18.538243067101,13.5,6,5.753914736878338,0.15251544972845393,43.521594684385384
2,polyline,Proposed AI,20.86022815971083,12.5,8,8.735598741125218,0.1524211322450199,35.548172757475086
3,straight,Pure Pursuit,19.958321850971952,1.0,7,1.1541367143364205,0.16029227782185487,37.87375415282392
3,straight,Line of Sight,12.15790906941032,14.5,13,0.5656645323804081,0.15713876757380854,53.48837209302325
3,straight,Vector Field,14.860547518194517,54.0,2,13.962503519308688,0.12172346255369901,64.11960132890366
3,straight,Nonlinear Stabilization,27.19402956494605,33.5,7,3.1382290838438855,0.14576380936866867,28.23920265780731
3,straight,Proposed AI,24.392852976459352,33.5,4,3.818320925221995,0.14095898704860788,35.548172757475086
3,circle,Pure Pursuit,19.29715408277088,14.5,17,5.752902556736066,0.14716167726306884,40.19933554817276
3,circle,Line of Sight,18.972492872164306,7.0,12,4.460440268429344,0.1425462412450004,38.205980066445186
3,circle,Vector Field,22.835625513771355,14.0,9,1.912953356249517,0.16263787719005812,31.893687707641195
3,circle,Nonlinear Stabilization,18.14023235519977,15.0,6,11.156687573843026,0.1484925586781494,42.19269102990033
3,circle,Proposed AI,22.609005141141743,22.0,7,9.944044562032426,0.1386097215384558,38.205980066445186
3,polyline,Pure Pursuit,19.99286535617666,1.0,8,1.1541367143364205,0.16008462293782427,38.53820598006645
3,polyline,Line of Sight,12.15790906941032,14.5,14,0.5656645323804081,0.15713876757380854,53.48837209302325
3,polyline,Vector Field,18.724381676338492,19.0,5,4.452804866793661,0.14500502772764087,44.18604651162791
3,polyline,Nonlinear Stabilization,21.379709032401326,19.5,7,1.3434509899450209,0.14366816705177235,40.19933554817276
3,polyline,Proposed AI,21.680670089840504,20.5,6,15.493628091738534,0.13554766526478584,34.21926910299003
4,straight,Pure Pursuit,20.934540612273203,12.5,10,0.851301822453232,0.15141484579133652,38.87043189368771
4,straight,Line of Sight,11.548484153729227,12.0,13,3.0591554676867467,0.1628479010342872,54.15282392026578
4,straight,Vector Field,36.31275912357008,59.0,8,7.216505513094132,0.1564054484909839,18.272425249169437
4,straight,Nonlinear Stabilization,22.508244364360085,16.5,6,2.5452552789310987,0.14150468503302938,35.880398671096344
4,straight,Proposed AI,28.986291112484906,33.0,5,6.322680286900128,0.14313441564827661,27.57475083056478
4,circle,Pure Pursuit,17.619303155758452,22.5,12,3.854360747139266,0.12836481519291554,50.16611295681063
4,circle,Line of Sight,14.623588379982152,13.5,15,2.843552421391742,0.16501713202470467,52.49169435215947
4,circle,Vector Field,18.541864084927347,15.0,6,11.284652949075866,0.13871642226444725,46.84385382059801
4,circle,Nonlinear Stabilization,20.758787659273754,19.0,7,3.309929579002863,0.15547176109602232,37.54152823920266
4,circle,Proposed AI,22.468607089878528,12.0,9,10.8122639341335,0.13804610772933995,36.21262458471761
4,polyline,Pure Pursuit,17.448101304006855,12.5,7,2.343334988338161,0.1595616738440501,40.863787375415285
4,polyline,Line of Sight,11.23575040519721,11.5,9,3.0591554676867467,0.15879312858068217,53.48837209302325
4,polyline,Vector Field,26.16710958957505,14.5,10,2.2521799907894167,0.165902070562741,30.89700996677741
4,polyline,Nonlinear Stabilization,17.24196539513538,16.5,6,2.5452552789310987,0.1355064187077028,49.83388704318937
4,polyline,Proposed AI,17.553953537826754,11.5,7,2.3059212769336455,0.1460997899317496,49.501661129568106
5,straight,Pure Pursuit,22.78755391217098,10.0,6,1.0379325748112471,0.15960916834300498,40.53156146179402
5,straight,Line of Sight,14.977851231684166,18.5,6,1.2963453767420798,0.15393050127242372,50.16611295681063
5,straight,Vector Field,33.248717597590215,45.5,8,1.2045051625412349,0.1502817436620997,19.93355481727575
5,straight,Nonlinear Stabilization,25.47795277718306,30.0,12,10.736166958910928,0.14834749899359914,30.23255813953488
5,straight,Proposed AI,22.56853849646269,50.0,5,19.000562962143757,0.1463391947668388,38.87043189368771
5,circle,Pure Pursuit,19.081412130703665,11.0,18,8.58455310857636,0.14880648301425956,38.87043189368771
5,circle,Line of Sight,23.95556357541543,1.5,6,5.36077200038101,0.11977548982479402,31.561461794019934
5,circle,Vector Field,21.306999413552823,16.0,6,2.0634798494813857,0.14709109608988027,36.544850498338874
5,circle,Nonlinear Stabilization,19.70045233773496,15.0,7,3.410547413420759,0.1450490144474236,41.19601328903654
5,circle,Proposed AI,26.393068902004014,20.5,6,20.529115541128377,0.13526931185277416,28.23920265780731
5,polyline,Pure Pursuit,14.14432536968112,10.0,10,1.608491144578318,0.15716335221979807,55.48172757475083
5,polyline,Line of Sight,12.68885690755499,15.5,14,2.7943083727005877,0.1538292846261013,52.823920265780735
5,polyline,Vector Field,21.41243389604303,21.0,9,10.395330639574727,0.15085400984982408,39.202657807308974
5,polyline,Nonlinear Stabilization,18.099424156892645,15.5,5,4.1208711254402655,0.15389628312666093,43.85382059800664
5,polyline,Proposed AI,20.97634457325418,22.5,4,18.422398142296128,0.12273902540473668,46.51162790697674
6,straight,Pure Pursuit,21.578329132098442,17.5,6,2.5127594550806975,0.1534813429193301,38.87043189368771
6,straight,Line of Sight,11.429167808660283,13.5,16,0.8644121245573384,0.15699136247574086,51.82724252491694
6,straight,Vector Field,8.733785672437326,20.5,2,11.404586131767878,0.12590332520947295,77.74086378737542
6,straight,Nonlinear Stabilization,30.01698153055917,19.0,11,6.636268495938252,0.15229448424703568,26.578073089701
6,straight,Proposed AI,31.709746599759058,22.5,7,4.586569849789705,0.14166965402462628,25.91362126245847
6,circle,Pure Pursuit,16.675621964500642,9.0,14,5.2118576815326,0.16014579304346324,42.524916943521596
6,circle,Line of Sight,14.807299801998715,10.0,13,1.0125445846585954,0.16685436621468205,45.51495016611295
6,circle,Vector Field,20.787388011441823,19.0,6,5.309726978843581,0.14569588403235464,42.857142857142854
6,circle,Nonlinear Stabilization,20.67094568697407,19.0,6,7.20537782783485,0.1503735591857559,39.8671096345515
6,circle,Proposed AI,24.62589060017899,21.0,6,18.941980341481763,0.12854280094506734,31.893687707641195
6,polyline,Pure Pursuit,19.723342150149428,15.0,11,3.404513518433312,0.1584488113129582,38.53820598006645
6,polyline,Line of Sight,15.047184408605757,22.5,7,2.380267222242882,0.15707305871128172,49.83388704318937
6,polyline,Vector Field,20.312984737251615,20.5,4,8.10216377655398,0.1409890157213124,42.857142857142854
6,polyline,Nonlinear Stabilization,20.5130881161525,19.0,9,6.637611333755239,0.15889402109527898,37.87375415282392
6,polyline,Proposed AI,18.94738773136612,22.5,13,4.448841324038313,0.1439459566192395,46.179401993355484
7,straight,Pure Pursuit,24.290763179542843,3.5,7,0.9423376490410629,0.15318242317077732,35.548172757475086
7,straight,Line of Sight,14.557132109279506,17.5,14,2.8217252379109237,0.15657054917227042,48.837209302325576
7,straight,Vector Field,18.98649824621449,72.5,3,13.02279166762672,0.12743002798625022,51.82724252491694
7,straight,Nonlinear Stabilization,27.356045588090687,42.5,7,3.4886498330763303,0.1461344866234467,30.89700996677741
7,straight,Proposed AI,34.21996932454412,34.0,8,3.274509381110234,0.14443408323485013,18.6046511627907
7,circle,Pure Pursuit,19.953250817588156,11.0,8,4.647211062574887,0.147218792887526,37.87375415282392
7,circle,Line of Sight,13.869602348802685,9.0,15,2.483099324036149,0.16650509143824052,50.83056478405316
7,circle,Vector Field,27.46504368737327,14.5,9,0.45918033533672187,0.16912912883858833,16.611295681063122
7,circle,Nonlinear Stabilization,22.970132901795083,13.0,6,1.3354061890184123,0.14512543204437334,32.89036544850498
7,circle,Proposed AI,23.707314426677,14.5,8,2.355349887105273,0.1549936930181481,24.916943521594686
7,polyline,Pure Pursuit,17.901668940918228,3.5,7,0.8950203948801647,0.1619827344128731,42.857142857142854
7,polyline,Line of Sight,12.030437478671152,13.0,7,2.7507884081207443,0.15666214557599695,52.159468438538205
7,polyline,Vector Field,21.774271939551504,17.5,8,8.543040531267613,0.1606299702847396,33.5548172757475
7,polyline,Nonlinear Stabilization,22.65451619931855,19.5,10,7.909443869193998,0.15833368909966164,34.21926910299003
7,polyline,Proposed AI,19.674668684407894,21.0,4,2.973286566926748,0.1224762334011073,48.50498338870432
8,straight,Pure Pursuit,21.996454873984963,10.0,7,0.7459347525729285,0.15369231507989697,38.205980066445186
8,straight,Line of Sight,19.104975045799147,12.5,11,0.5732915015262812,0.14834114743944238,41.52823920265781
8,straight,Vector Field,10.351269856907455,19.0,2,23.975618390539307,0.11830147866435917,73.421926910299
8,straight,Nonlinear Stabilization,12.972579667414857,33.0,5,10.115275873545304,0.11215723701233223,67.44186046511628
8,straight,Proposed AI,29.178720488649166,33.5,8,8.102847666795318,0.1458525231092556,23.25581395348837
8,circle,Pure Pursuit,17.785190291783525,14.0,10,2.3716805800807492,0.15140510449887915,39.8671096345515
8,circle,Line of Sight,18.629138267118215,9.5,17,2.749794081641122,0.15248102028071078,40.19933554817276
8,circle,Vector Field,23.534086952640784,26.0,8,7.575897039556069,0.1604555126737162,31.561461794019934
8,circle,Nonlinear Stabilization,17.071574819981176,13.0,6,11.48443515623598,0.1493052486406807,46.179401993355484
8,circle,Proposed AI,22.808140419626298,13.0,8,2.3930032845914395,0.15765411687435435,28.23920265780731
8,polyline,Pure Pursuit,17.9353981486038,10.0,7,0.7459347525729285,0.1601633686308015,39.53488372093023
8,polyline,Line of Sight,12.39625813941739,12.5,13,0.5732915015262812,0.15765953373943234,52.159468438538205
8,polyline,Vector Field,20.82849894077703,19.0,7,18.29430685199984,0.14591153358391915,40.53156146179402
8,polyline,Nonlinear Stabilization,19.57123614054913,21.0,7,6.158174150950942,0.15214826103732407,42.524916943521596
8,polyline,Proposed AI,20.84262183140109,22.0,7,3.772367056325436,0.11690017996439667,49.16943521594684
9,straight,Pure Pursuit,20.493328020831193,7.5,8,1.1724715850765843,0.1598993776544452,42.19269102990033
9,straight,Line of Sight,21.119559894005896,13.0,18,1.128266916778557,0.14673421279239482,38.53820598006645
9,straight,Vector Field,27.123011337696703,15.0,6,6.5322188728989925,0.15747824674549726,25.91362126245847
9,straight,Nonlinear Stabilization,20.25972365087207,16.5,13,3.061818488300294,0.16484397085419303,39.8671096345515
9,straight,Proposed AI,22.744065699201578,22.5,9,8.159009768145475,0.14351267827742534,28.23920265780731
9,circle,Pure Pursuit,14.321734819047279,16.5,7,0.5328485077916572,0.16941617088962438,49.16943521594684
9,circle,Line of Sight,15.632738775804647,8.5,12,1.6034258717532488,0.16469015260870828,44.518272425249165
9,circle,Vector Field,19.162611553993298,18.0,6,9.609738768505173,0.14629727050276117,45.51495016611295
9,circle,Nonlinear Stabilization,19.35212682982784,18.5,6,12.52684041969174,0.14443080316546322,44.18604651162791
9,circle,Proposed AI,24.824883610269485,21.0,10,5.969912055427315,0.14793957855782652,24.916943521594686
9,polyline,Pure Pursuit,13.083424577979502,9.0,10,1.2169220365644087,0.1653204787856485,48.50498338870432
9,polyline,Line of Sight,11.621191107575045,13.0,13,3.7879244691213927,0.15958468178027335,52.823920265780735
9,polyline,Vector Field,20.848314477325996,15.0,6,10.557743902349127,0.14887891142377327,37.87375415282392
9,polyline,Nonlinear Stabilization,15.384571725444916,15.5,5,8.586966144098923,0.14965714340835728,52.159468438538205
9,polyline,Proposed AI,19.343954267229385,15.5,5,3.118187573997708,0.1322328585014883,44.518272425249165
