seed,sigma,shape,method,mean_dev,adaptation,n_evade,min_dist,mean_energy,success
0,0.5,straight,Pure Pursuit,21.449054892281776,13.0,7,0.8246605755840957,0.1505639174785104,39.202657807308974
0,0.5,straight,Line of Sight,11.780675646476723,12.0,7,0.8608471364173678,0.15635651209393173,55.81395348837209
0,0.5,straight,Vector Field,32.60767960820844,38.5,7,6.997938340939192,0.14742231890805604,21.92691029900332
0,0.5,straight,Nonlinear Stabilization,26.948933207379714,35.0,5,3.215346639574591,0.14039555339456675,25.91362126245847
0,0.5,straight,Proposed AI,27.824696111853576,23.0,6,4.114190155520298,0.1365424623140593,27.57475083056478
0,0.5,circle,Pure Pursuit,14.869701075762066,10.5,7,1.2460937663488778,0.16712550570117204,50.83056478405316
0,0.5,circle,Line of Sight,14.167261169322671,8.5,8,1.6101523830779598,0.16732014827577846,48.50498338870432
0,0.5,circle,Vector Field,17.730631801958275,15.5,6,9.32359547691035,0.14005194632781462,48.17275747508305
0,0.5,circle,Nonlinear Stabilization,18.24000074156285,14.0,6,13.293557064498826,0.1295452902417845,47.50830564784053
0,0.5,circle,Proposed AI,26.165162723874445,20.5,6,20.585707547318858,0.129977368847358,29.2358803986711
0,0.5,polyline,Pure Pursuit,19.183756860766945,13.0,7,0.8246605755840957,0.1571981216337363,37.2093023255814
0,0.5,polyline,Line of Sight,11.780675646476723,12.0,7,0.8608471364173678,0.15635651209393173,55.81395348837209
0,0.5,polyline,Vector Field,20.74882575898432,16.5,7,1.8909092159285112,0.155644673080827,33.5548172757475
0,0.5,polyline,Nonlinear Stabilization,20.2986541166645,16.5,6,7.538813702110788,0.14180175801194797,39.53488372093023
0,0.5,polyline,Proposed AI,21.20221524667227,13.5,7,12.55317628039941,0.1611328358746249,28.23920265780731
0,1.0,straight,Pure Pursuit,15.776216089416254,1.5,9,0.38762383481994256,0.15902116503436015,41.52823920265781
0,1.0,straight,Line of Sight,20.98237262119714,11.0,7,3.280961387604367,0.15213757895396185,37.54152823920266
0,1.0,straight,Vector Field,30.65968763325153,102.5,7,15.70635290288823,0.15649019411202164,11.295681063122924
0,1.0,straight,Nonlinear Stabilization,25.92642849060383,51.0,8,6.870661578646668,0.15000069061112975,25.249169435215947
0,1.0,straight,Proposed AI,20.38411840388223,32.0,3,10.298775101109667,0.14158319678425157,43.18936877076412
0,1.0,circle,Pure Pursuit,15.138471619756666,10.5,12,1.4948045431395478,0.16695661406259032,45.182724252491695
0,1.0,circle,Line of Sight,14.168508475118935,8.5,10,1.4524008237812769,0.16728132888372432,51.82724252491694
0,1.0,circle,Vector Field,16.585614479588315,15.5,6,8.854746350684213,0.14503476077703376,52.159468438538205
0,1.0,circle,Nonlinear Stabilization,18.05569859737223,14.0,6,12.87988147207442,0.14299302386907284,45.84717607973422
0,1.0,circle,Proposed AI,28.211038202064902,22.5,6,21.646054869233712,0.12443368001481077,27.242524916943523
0,1.0,polyline,Pure Pursuit,14.97415388609213,1.5,7,0.38762383481994256,0.16159729108328139,41.52823920265781
0,1.0,polyline,Line of Sight,11.842392827633129,11.0,7,3.280961387604367,0.15779454638528873,50.83056478405316
0,1.0,polyline,Vector Field,17.439256331267167,19.0,4,23.678492912839857,0.11867524793847324,53.48837209302325
0,1.0,polyline,Nonlinear Stabilization,17.425131258229168,21.5,6,10.867959088423941,0.14560262290335949,37.2093023255814
0,1.0,polyline,Proposed AI,17.87210238177146,22.5,4,7.880884967414827,0.11469600517175224,52.823920265780735
0,1.5,straight,Pure Pursuit,21.00498891335956,11.5,14,3.8609393792192055,0.15472506540886424,37.54152823920266
0,1.5,straight,Line of Sight,13.969287176976275,20.5,9,1.5889738380598857,0.15579805313272563,52.159468438538205
0,1.5,straight,Vector Field,29.499099657800162,80.5,8,15.737257742803266,0.16082759885513842,12.956810631229235
0,1.5,straight,Nonlinear Stabilization,26.733675289299985,35.0,7,0.38453300499210563,0.15026010053041114,29.900332225913623
0,1.5,straight,Proposed AI,31.826110107960346,34.0,7,3.976628674085246,0.14865073944730536,21.262458471760798
0,1.5,circle,Pure Pursuit,16.382977676563318,2.5,7,0.26642986312155514,0.16271931723660218,42.524916943521596
0,1.5,circle,Line of Sight,14.213193024551465,8.5,11,1.614129179209943,0.1680093010075867,52.823920265780735
0,1.5,circle,Vector Field,20.71527487501284,15.5,9,3.7323594122739987,0.14982262676564276,39.8671096345515
0,1.5,circle,Nonlinear Stabilization,20.730878879922614,16.0,6,9.35127560662897,0.1539036160475719,37.2093023255814
0,1.5,circle,Proposed AI,25.588184803333395,19.5,6,19.86565118818124,0.13490090164218624,30.89700996677741
0,1.5,polyline,Pure Pursuit,18.960344313331134,11.5,9,3.8609393792192055,0.15969400771402908,38.53820598006645
0,1.5,polyline,Line of Sight,12.444667107035315,15.5,12,4.403294945498596,0.15732053054485826,51.82724252491694
0,1.5,polyline,Vector Field,20.835230967720612,20.0,6,14.548060229547787,0.1460277397005172,39.8671096345515
0,1.5,polyline,Nonlinear Stabilization,17.435521446143092,16.5,10,8.073241306109846,0.15170366732387247,42.857142857142854
0,1.5,polyline,Proposed AI,17.083664056364576,23.5,4,6.92237125488265,0.11897338162396667,56.810631229235874
0,2.0,straight,Pure Pursuit,28.81789826122338,11.5,15,2.0811632656661123,0.15410115723323964,26.910299003322258
0,2.0,straight,Line of Sight,17.474286067762005,33.5,11,3.5648644023080687,0.15892308714954118,46.51162790697674
0,2.0,straight,Vector Field,23.523918709620354,27.0,7,11.418753353231738,0.14865498226224474,33.88704318936877
0,2.0,straight,Nonlinear Stabilization,28.92266846402704,38.0,11,3.711374135249777,0.147601662442051,26.245847176079735
0,2.0,straight,Proposed AI,35.5524000178791,33.5,10,4.047539388442039,0.15001572358560655,15.946843853820598
0,2.0,circle,Pure Pursuit,15.712400072786695,2.5,14,0.6783244297523545,0.17345770907559852,42.19269102990033
0,2.0,circle,Line of Sight,13.85781635341355,13.5,18,5.347549848877982,0.16696201210914915,48.50498338870432
0,2.0,circle,Vector Field,21.171338968256897,17.5,5,24.14429784733574,0.13873119978248702,41.52823920265781
0,2.0,circle,Nonlinear Stabilization,21.04816623876761,20.0,12,11.287770480148046,0.1388985225372722,40.863787375415285
0,2.0,circle,Proposed AI,21.736495242339004,19.5,7,13.126397338736322,0.13688581081097595,34.21926910299003
0,2.0,polyline,Pure Pursuit,18.47349339388096,11.5,8,0.7578220808055427,0.16067434940220782,42.857142857142854
0,2.0,polyline,Line of Sight,12.444255971364901,15.5,14,4.480480656304492,0.15764946410665265,52.159468438538205
0,2.0,polyline,Vector Field,20.20225406219612,20.0,8,3.901867210319379,0.15175848549286725,40.19933554817276
0,2.0,polyline,Nonlinear Stabilization,19.60764288493015,22.5,8,12.48733187964789,0.14470823695099186,43.18936877076412
0,2.0,polyline,Proposed AI,20.335472285110598,23.5,5,1.6578832984690912,0.11723592804946063,49.83388704318937
0,3.0,straight,Pure Pursuit,12.061456060713832,9.5,10,0.19297125941683646,0.16541620064118473,51.49501661129568
0,3.0,straight,Line of Sight,20.085353388453566,31.5,13,2.082080537852538,0.15973464010932814,40.19933554817276
0,3.0,straight,Vector Field,26.29295187386994,106.5,9,16.058683456713588,0.14976570629448832,29.2358803986711
0,3.0,straight,Nonlinear Stabilization,28.543861677341173,42.5,12,3.825857522330147,0.15656665902827027,29.900332225913623
0,3.0,straight,Proposed AI,32.22718458768508,32.0,8,8.151497176557386,0.14484541627309203,24.58471760797342
0,3.0,circle,Pure Pursuit,14.724278057760435,5.0,17,1.9218610103218268,0.16392920557074436,45.51495016611295
0,3.0,circle,Line of Sight,16.624175569155863,13.5,29,0.7503053913267088,0.15836251850265987,46.51162790697674
0,3.0,circle,Vector Field,19.279135699721387,19.5,12,2.0525340939280534,0.15339459686626958,45.84717607973422
0,3.0,circle,Nonlinear Stabilization,22.478984956723767,20.0,8,18.244140811097296,0.144940994055479,39.53488372093023
0,3.0,circle,Proposed AI,23.564469288164844,20.5,8,22.363630914708924,0.13313024284380465,35.21594684385382
0,3.0,polyline,Pure Pursuit,12.061456060713832,9.5,10,0.19297125941683646,0.16541620064118473,51.49501661129568
0,3.0,polyline,Line of Sight,13.319870180845164,13.5,22,6.17370911586496,0.16010896790808848,53.820598006644516
0,3.0,polyline,Vector Field,19.59220675880011,18.0,15,2.83468673217231,0.15723677392928148,44.518272425249165
0,3.0,polyline,Nonlinear Stabilization,21.73336401642182,23.0,13,8.999766781471008,0.14948748705753703,37.87375415282392
0,3.0,polyline,Proposed AI,20.50967529128505,22.5,9,12.07650392880177,0.14333892681499832,42.524916943521596
1,0.5,straight,Pure Pursuit,20.01794698319165,14.0,11,1.4150885791476284,0.15376366751895681,38.53820598006645
1,0.5,straight,Line of Sight,12.275746832280127,13.5,7,1.370303476738295,0.15400715831158804,50.83056478405316
1,0.5,straight,Vector Field,28.791952878161027,30.0,7,8.973877069392175,0.15458210263406594,18.272425249169437
1,0.5,straight,Nonlinear Stabilization,11.19165547303701,33.5,2,10.967784244382079,0.07736691514051053,70.7641196013289
1,0.5,straight,Proposed AI,21.26360770156466,33.0,2,6.349139451291864,0.13622273522058662,43.85382059800664
1,0.5,circle,Pure Pursuit,16.128946004397154,10.5,8,2.5990165510249046,0.1569571778361475,43.521594684385384
1,0.5,circle,Line of Sight,17.264218306344354,1.5,11,5.144798193030507,0.1529350673416198,43.521594684385384
1,0.5,circle,Vector Field,21.548558522598515,18.5,5,21.377341702189636,0.1260334498205004,42.524916943521596
1,0.5,circle,Nonlinear Stabilization,21.26835437286951,14.5,6,6.345051923407108,0.15281411484322666,33.5548172757475
1,0.5,circle,Proposed AI,26.36392591106698,21.0,6,6.784334761262568,0.13512758713334977,28.57142857142857
1,0.5,polyline,Pure Pursuit,21.837234976838783,14.0,9,6.727563790162822,0.15715354087391684,33.222591362126245
1,0.5,polyline,Line of Sight,12.629288193761253,12.5,8,1.6828125240425678,0.1565294369652943,53.156146179402
1,0.5,polyline,Vector Field,17.233979548868167,20.0,4,12.846848050871362,0.12538095094850712,49.501661129568106
1,0.5,polyline,Nonlinear Stabilization,18.0724722882632,20.5,6,8.670668929573043,0.12687536407787314,48.50498338870432
1,0.5,polyline,Proposed AI,20.644821021622374,21.5,4,19.241698562268482,0.10473031735902971,46.179401993355484
1,1.0,straight,Pure Pursuit,13.461106538652315,11.0,9,0.6244418803492646,0.16235242913727432,47.176079734219265
1,1.0,straight,Line of Sight,20.231905341190316,13.5,9,1.1836630904852807,0.15163873975336928,41.19601328903654
1,1.0,straight,Vector Field,29.064304036712233,29.5,7,13.34675419168224,0.1542327336052387,19.269102990033225
1,1.0,straight,Nonlinear Stabilization,17.38513189576767,33.5,3,8.975058645195775,0.11173254533119417,54.15282392026578
1,1.0,straight,Proposed AI,26.877077590928547,23.0,6,5.424647142652212,0.15530323865834356,20.59800664451827
1,1.0,circle,Pure Pursuit,18.284692264459032,11.5,11,3.280520086642924,0.1652609353002019,38.87043189368771
1,1.0,circle,Line of Sight,16.456430254340628,8.5,11,0.7534714432515788,0.1548377517539346,44.518272425249165
1,1.0,circle,Vector Field,22.503484436179242,19.0,8,0.6477967380288412,0.15340980129575857,36.21262458471761
1,1.0,circle,Nonlinear Stabilization,20.44711010118124,14.5,6,10.598937672283867,0.15035426720182635,37.87375415282392
1,1.0,circle,Proposed AI,24.608310902340204,19.0,6,20.744025664263233,0.12972304743077484,32.22591362126246
1,1.0,polyline,Pure Pursuit,20.73800198936488,11.0,10,0.6707408649626228,0.15908773726117922,35.548172757475086
1,1.0,polyline,Line of Sight,13.048418854176767,13.5,8,1.2381413187789967,0.15630752255812405,48.17275747508305
1,1.0,polyline,Vector Field,17.98803609525721,20.0,4,8.763367455444406,0.13003248032844117,49.83388704318937
1,1.0,polyline,Nonlinear Stabilization,21.835671095141155,20.0,10,6.202796429150342,0.15821209679648396,39.53488372093023
1,1.0,polyline,Proposed AI,22.07626433239928,16.0,5,21.167521006012453,0.11966235427666902,43.521594684385384
1,1.5,straight,Pure Pursuit,25.391386987696368,14.0,9,4.1102797537514135,0.14901513022618543,33.5548172757475
1,1.5,straight,Line of Sight,19.723663650520447,13.0,17,3.025070148208437,0.1507485135109301,42.19269102990033
1,1.5,straight,Vector Field,31.641333556113985,44.5,6,7.6360514758867035,0.15041760734650822,21.59468438538206
1,1.5,straight,Nonlinear Stabilization,28.24914007122436,34.5,10,6.092465495128397,0.1508420930756728,28.57142857142857
1,1.5,straight,Proposed AI,25.878304194298888,42.0,5,2.4579096887233867,0.1376696496294004,31.22923588039867
1,1.5,circle,Pure Pursuit,16.27061685903646,12.0,14,1.340336146136174,0.1668834437880371,42.19269102990033
1,1.5,circle,Line of Sight,15.542418593287508,8.0,12,0.20176708086938788,0.15549212556143718,48.50498338870432
1,1.5,circle,Vector Field,20.847185540244414,18.0,9,8.51845095942978,0.1513847808092155,39.8671096345515
1,1.5,circle,Nonlinear Stabilization,21.171592919491562,17.5,10,8.8517497928483,0.14555669615597988,37.87375415282392
1,1.5,circle,Proposed AI,24.13045275354025,19.0,7,10.374136459856826,0.13926224802630682,32.22591362126246
1,1.5,polyline,Pure Pursuit,20.333942685042278,14.0,8,4.686656966018354,0.15775149378254,37.2093023255814
1,1.5,polyline,Line of Sight,12.310640643181731,13.5,12,3.088673309369927,0.15764697932530095,50.83056478405316
1,1.5,polyline,Vector Field,18.713758237397222,20.5,5,11.948311985181443,0.14609754270460856,45.84717607973422
1,1.5,polyline,Nonlinear Stabilization,21.826358495972705,20.5,6,8.383630848817596,0.14767004882774465,41.86046511627907
1,1.5,polyline,Proposed AI,21.065956117741347,15.0,9,5.950955089733061,0.13700788242111903,45.182724252491695
1,2.0,straight,Pure Pursuit,24.480182424419368,14.0,12,3.947988004619514,0.15061277536299283,37.87375415282392
1,2.0,straight,Line of Sight,16.77299755025281,13.5,11,2.839401492672865,0.15497496159760846,45.84717607973422
1,2.0,straight,Vector Field,20.222509778968373,33.0,5,6.714941499350593,0.13884738095731655,49.83388704318937
1,2.0,straight,Nonlinear Stabilization,25.80266208376194,30.5,9,5.111943725882837,0.15678367144068542,31.561461794019934
1,2.0,straight,Proposed AI,33.00389560773088,37.5,11,10.549815564977017,0.15228097391310236,22.259136212624583
1,2.0,circle,Pure Pursuit,16.04707375659609,7.5,13,2.311188262321103,0.16289544091260047,47.176079734219265
1,2.0,circle,Line of Sight,13.334490781037992,9.5,14,1.4046645368014232,0.16548002712640886,51.82724252491694
1,2.0,circle,Vector Field,20.778770217274513,17.5,9,7.866753549542424,0.15370101869604616,39.8671096345515
1,2.0,circle,Nonlinear Stabilization,18.41561294398673,17.5,8,10.346372893538232,0.14948552425757808,47.50830564784053
1,2.0,circle,Proposed AI,25.749300991880432,19.5,7,20.916387239263848,0.13575968941828653,29.900332225913623
1,2.0,polyline,Pure Pursuit,18.36510195184231,14.0,12,4.405875853704048,0.1598082255370772,42.524916943521596
1,2.0,polyline,Line of Sight,12.374181121797026,13.5,12,2.9044837418120935,0.15891122932399174,51.82724252491694
1,2.0,polyline,Vector Field,20.301498483799918,16.0,6,9.654019253535052,0.15173865093723732,39.202657807308974
1,2.0,polyline,Nonlinear Stabilization,17.544596252457442,13.0,6,8.758229492770473,0.14537950049909923,49.16943521594684
1,2.0,polyline,Proposed AI,21.990631951629258,13.5,9,13.968924036825623,0.1637846125563778,28.57142857142857
1,3.0,straight,Pure Pursuit,19.441396749154244,14.0,15,0.6030799278522085,0.16359973815530626,40.19933554817276
1,3.0,straight,Line of Sight,20.100224216061715,12.0,21,3.493982327579279,0.15420757797750786,43.18936877076412
1,3.0,straight,Vector Field,26.73538868921976,38.5,12,2.5149782514442682,0.1578477625368544,31.22923588039867
1,3.0,straight,Nonlinear Stabilization,27.749272846726463,31.0,11,3.3451267111589402,0.15366043931706808,28.903654485049834
1,3.0,straight,Proposed AI,29.12230675479395,12.0,15,0.8520875835147077,0.15716103058441355,26.578073089701
1,3.0,circle,Pure Pursuit,15.411876401519237,7.0,12,1.391213394206515,0.16369384175086485,47.840531561461795
1,3.0,circle,Line of Sight,19.184778162411515,9.5,10,1.966343240614023,0.15768085649135025,37.87375415282392
1,3.0,circle,Vector Field,22.103071929782786,15.0,10,7.2044320761496365,0.15673462477044675,35.21594684385382
1,3.0,circle,Nonlinear Stabilization,21.16004426415805,15.5,7,17.164650503989115,0.14376545012341707,44.518272425249165
1,3.0,circle,Proposed AI,21.420017529961765,17.0,9,11.628227959482123,0.14931837272001164,33.5548172757475
1,3.0,polyline,Pure Pursuit,17.18885306352143,13.5,20,0.6635419105514657,0.1583078255864322,43.521594684385384
1,3.0,polyline,Line of Sight,13.827779279433642,12.0,17,3.56393935555585,0.15852743963406904,51.162790697674424
1,3.0,polyline,Vector Field,21.34409426171353,16.0,9,3.1167252278491056,0.16211042064190148,34.883720930232556
1,3.0,polyline,Nonlinear Stabilization,15.887696785470313,14.0,11,2.145087357170569,0.15321688928086297,48.17275747508305
1,3.0,polyline,Proposed AI,20.824416663940898,15.5,11,2.125606310787431,0.14739403179032082,44.85049833887043
2,0.5,straight,Pure Pursuit,21.884341178807325,14.0,8,1.7722220752487043,0.15369315291870922,39.202657807308974
2,0.5,straight,Line of Sight,11.383078357643075,13.0,8,2.9911435804677557,0.15624810555493654,51.162790697674424
2,0.5,straight,Vector Field,33.21990675454327,45.0,6,5.568070093661987,0.14649966626643807,20.59800664451827
2,0.5,straight,Nonlinear Stabilization,26.566226929931744,38.0,10,6.184672552287021,0.15255448245112282,31.22923588039867
2,0.5,straight,Proposed AI,31.269121729448198,21.0,6,1.7764545255679849,0.1473037440358523,23.920265780730897
2,0.5,circle,Pure Pursuit,15.720613124197458,8.5,7,3.0218230206156917,0.15859808123223498,43.85382059800664
2,0.5,circle,Line of Sight,17.15693935319021,1.5,12,5.4749567144339215,0.15559210168944582,42.524916943521596
2,0.5,circle,Vector Field,19.835928883390775,18.5,6,15.187225155479547,0.13523064341786534,42.857142857142854
2,0.5,circle,Nonlinear Stabilization,20.63665065654765,20.0,5,11.655973044297973,0.1251465222365926,40.863787375415285
2,0.5,circle,Proposed AI,24.86279396058329,21.5,8,20.20158992377333,0.16525890714283378,25.581395348837212
2,0.5,polyline,Pure Pursuit,18.39613914697239,14.0,7,1.7722220752487043,0.15344761112531294,40.53156146179402
2,0.5,polyline,Line of Sight,11.383078357643075,13.0,8,2.9911435804677557,0.15624810555493654,51.162790697674424
2,0.5,polyline,Vector Field,22.410248738499998,16.5,7,15.059432879339045,0.15175298038262558,31.22923588039867
2,0.5,polyline,Nonlinear Stabilization,19.992310034519853,15.5,7,6.337703501212697,0.1593687416918326,35.880398671096344
2,0.5,polyline,Proposed AI,23.070023973412162,21.0,4,4.4997262128919795,0.11436830215256912,42.524916943521596
2,1.0,straight,Pure Pursuit,28.65730152540184,33.0,7,3.7899381850856155,0.14853103724989675,28.903654485049834
2,1.0,straight,Line of Sight,23.30555443183539,10.5,9,0.7037238706549651,0.14778785509091202,34.21926910299003
2,1.0,straight,Vector Field,24.83915861224126,21.5,6,3.0945851058071288,0.14893492798097396,28.903654485049834
2,1.0,straight,Nonlinear Stabilization,21.18015834941387,3.0,7,2.671546283222108,0.16237840700232853,32.55813953488372
2,1.0,straight,Proposed AI,29.23802349883387,42.5,6,5.845521602875707,0.14533842372232822,24.58471760797342
2,1.0,circle,Pure Pursuit,17.06322000147114,8.5,8,1.0497356582425006,0.15854648731465262,42.19269102990033
2,1.0,circle,Line of Sight,18.91707244277476,2.5,8,5.841626971725274,0.1548223110023336,38.53820598006645
2,1.0,circle,Vector Field,21.012931472283277,17.0,5,21.909523618793912,0.13136023393738772,43.18936877076412
2,1.0,circle,Nonlinear Stabilization,18.772566628715005,16.5,6,8.122946349853311,0.15085009040005667,40.19933554817276
2,1.0,circle,Proposed AI,25.46400394133749,22.5,7,13.371803368712019,0.16285637191950428,21.59468438538206
2,1.0,polyline,Pure Pursuit,20.031584079906885,15.5,13,6.873423630682785,0.15670507845088857,38.53820598006645
2,1.0,polyline,Line of Sight,11.46448038197685,10.5,7,0.7037238706549651,0.15778884131154566,52.49169435215947
2,1.0,polyline,Vector Field,21.060761949481428,21.5,5,7.51432546709756,0.14539321840153246,35.880398671096344
2,1.0,polyline,Nonlinear Stabilization,16.421966005799316,3.0,5,10.47216268260338,0.13828858490305773,47.840531561461795
2,1.0,polyline,Proposed AI,20.81850987366283,20.5,4,5.561451203837774,0.11036991899539332,49.83388704318937
2,1.5,straight,Pure Pursuit,29.9191392812762,44.5,16,4.104661322305413,0.15385067136077613,27.57475083056478
2,1.5,straight,Line of Sight,11.85939322260472,14.5,13,1.9618279640908458,0.15591298683980015,51.162790697674424
2,1.5,straight,Vector Field,26.070158156818437,16.0,10,4.360590697221204,0.16002596850884554,29.900332225913623
2,1.5,straight,Nonlinear Stabilization,23.80797107074069,13.5,9,5.247555953387749,0.15302498836318607,33.5548172757475
2,1.5,straight,Proposed AI,24.15644671730959,22.0,5,6.639046276952571,0.13367829650076435,33.222591362126245
2,1.5,circle,Pure Pursuit,16.583117591509723,9.0,12,3.7585910554442847,0.16160088525597524,42.857142857142854
2,1.5,circle,Line of Sight,22.631374145187426,2.5,13,5.781121185359691,0.12560757500969125,33.88704318936877
2,1.5,circle,Vector Field,20.202493850226045,17.0,5,8.988566009856235,0.13970456267739728,44.85049833887043
2,1.5,circle,Nonlinear Stabilization,19.14374753617947,15.0,8,7.821519818468552,0.1530765185197132,41.19601328903654
2,1.5,circle,Proposed AI,22.139101231925885,19.0,6,13.052554547871608,0.13981950798739903,34.55149501661129
2,1.5,polyline,Pure Pursuit,13.833836341651583,16.0,7,1.7130450547937883,0.16332366591905798,44.518272425249165
2,1.5,polyline,Line of Sight,11.85939322260472,14.5,13,1.9618279640908458,0.15591298683980015,51.162790697674424
2,1.5,polyline,Vector Field,21.763020101805203,16.0,8,5.701030018905652,0.1494026207325022,37.87375415282392
2,1.5,polyline,Nonlinear Stabilization,18.538243067101,13.5,6,5.753914736878338,0.15251544972845393,43.521594684385384
2,1.5,polyline,Proposed AI,20.86022815971083,12.5,8,8.735598741125218,0.1524211322450199,35.548172757475086
2,2.0,straight,Pure Pursuit,27.521261118111287,44.0,9,0.6484476523785929,0.15777224244772883,33.88704318936877
2,2.0,straight,Line of Sight,12.873929783722495,14.5,13,1.5971457966768803,0.16067889339907193,50.83056478405316
2,2.0,straight,Vector Field,28.133316897832216,16.5,9,8.21398166766954,0.15498412547011353,23.25581395348837
2,2.0,straight,Nonlinear Stabilization,23.07989037238667,13.5,8,1.1787507157107093,0.15595495609120258,34.883720930232556
2,2.0,straight,Proposed AI,24.6380438931447,11.5,7,10.955345371389045,0.16184546912344733,24.58471760797342
2,2.0,circle,Pure Pursuit,17.72809374946995,9.0,17,3.7585910554442847,0.16015152793436221,39.8671096345515
2,2.0,circle,Line of Sight,19.15915703687579,2.5,17,4.673961152544878,0.14354556267899393,35.880398671096344
2,2.0,circle,Vector Field,18.67589650775439,17.5,5,15.806720044078226,0.14075610243538406,47.176079734219265
2,2.0,circle,Nonlinear Stabilization,20.63868922483574,18.5,6,7.120216275220261,0.15951418547498422,33.222591362126245
2,2.0,circle,Proposed AI,22.55959819303471,19.5,10,9.677819644767466,0.14833480774452218,35.548172757475086
2,2.0,polyline,Pure Pursuit,19.764995302882074,15.5,15,8.353051287404503,0.15927868526320021,40.863787375415285
2,2.0,polyline,Line of Sight,11.58033546566311,13.0,14,1.5971457966768803,0.1579288202334396,52.159468438538205
2,2.0,polyline,Vector Field,23.122930289783692,16.5,11,0.9997965025251521,0.1642765592002869,34.55149501661129
2,2.0,polyline,Nonlinear Stabilization,19.538089139764697,13.5,8,4.712441013898094,0.16289019881136343,40.53156146179402
2,2.0,polyline,Proposed AI,18.061673422696842,13.5,8,2.9120645622530095,0.1292225331822797,52.49169435215947
2,3.0,straight,Pure Pursuit,21.906195782267403,27.5,14,5.684043097658272,0.16226176285768343,34.55149501661129
2,3.0,straight,Line of Sight,18.596528339287403,15.5,11,0.8788155026899283,0.15257300633856558,42.524916943521596
2,3.0,straight,Vector Field,28.25537646794365,16.5,7,5.168209527522757,0.15052105493719137,28.57142857142857
2,3.0,straight,Nonlinear Stabilization,19.26212856286961,13.5,15,2.5355351879703427,0.16559272534189237,41.52823920265781
2,3.0,straight,Proposed AI,29.333324262850898,14.0,15,0.6893360463262539,0.15536601224881622,28.903654485049834
2,3.0,circle,Pure Pursuit,15.75358498071793,10.5,12,1.5935939015571172,0.16734340463714595,39.8671096345515
2,3.0,circle,Line of Sight,19.052337345221773,2.0,17,5.657249456790001,0.1578840565004187,37.2093023255814
2,3.0,circle,Vector Field,22.549775873103766,23.0,8,13.203070630864541,0.15110450648425483,40.53156146179402
2,3.0,circle,Nonlinear Stabilization,17.87874821618106,19.0,7,4.604415606100784,0.14764517701815438,50.16611295681063
2,3.0,circle,Proposed AI,22.216633564427475,20.0,7,12.592470834349209,0.14465043574833805,37.54152823920266
2,3.0,polyline,Pure Pursuit,18.605577239066236,21.5,11,5.495623509065222,0.15841891195330363,45.182724252491695
2,3.0,polyline,Line of Sight,12.274525631129002,13.0,16,0.8788155026899283,0.15979288774442227,53.48837209302325
2,3.0,polyline,Vector Field,22.47414575421647,16.5,13,5.168209527522757,0.16590046557117505,34.21926910299003
2,3.0,polyline,Nonlinear Stabilization,21.678762162799725,13.5,21,4.087873253285489,0.15556618806954664,40.19933554817276
2,3.0,polyline,Proposed AI,21.33826038228432,14.0,13,3.346668992023809,0.1492215110087575,43.18936877076412
3,0.5,straight,Pure Pursuit,21.04749551678172,12.0,8,1.007610161628632,0.15316528511117214,39.8671096345515
3,0.5,straight,Line of Sight,12.673226348047123,11.5,7,3.1345385087279514,0.15703346803908977,50.83056478405316
3,0.5,straight,Vector Field,25.928027199839732,34.5,5,5.148527524718854,0.1334369596426541,33.5548172757475
3,0.5,straight,Nonlinear Stabilization,28.58923524748604,35.0,6,6.9414389035249515,0.14370108224227524,29.568106312292358
3,0.5,straight,Proposed AI,23.894452345509883,22.5,4,3.1607226138813314,0.13328191729215583,36.544850498338874
3,0.5,circle,Pure Pursuit,17.001188941771943,10.5,8,5.226812209821701,0.15625089573430967,40.19933554817276
3,0.5,circle,Line of Sight,19.416526040679564,7.0,8,4.668040266521382,0.1379670360488049,37.2093023255814
3,0.5,circle,Vector Field,23.475202131122153,15.5,7,1.6443182775109335,0.15807966584715655,29.2358803986711
3,0.5,circle,Nonlinear Stabilization,20.33986191951744,14.0,7,8.549348893203122,0.142758338478421,36.87707641196013
3,0.5,circle,Proposed AI,26.789513448886925,21.0,6,20.572444857821708,0.1316214421162384,28.23920265780731
3,0.5,polyline,Pure Pursuit,19.03188187353321,12.0,7,2.0412580724512885,0.15846492466355944,38.53820598006645
3,0.5,polyline,Line of Sight,11.25969823889144,11.5,8,3.1345385087279514,0.1581944836198488,51.82724252491694
3,0.5,polyline,Vector Field,19.928615990623623,17.5,5,13.360614959372652,0.1382051231636979,40.19933554817276
3,0.5,polyline,Nonlinear Stabilization,21.720256543582007,21.0,7,4.92972323896744,0.15912554886888447,37.54152823920266
3,0.5,polyline,Proposed AI,22.583299684932978,15.5,6,11.721984736292063,0.13796142363837238,33.222591362126245
3,1.0,straight,Pure Pursuit,21.142173393533287,1.0,9,0.45612112397956395,0.15495564599808226,39.53488372093023
3,1.0,straight,Line of Sight,17.289163139833253,11.5,7,1.7957745884210592,0.15226375980903437,42.524916943521596
3,1.0,straight,Vector Field,28.22349051596376,28.5,9,7.639349871726086,0.15883738112630624,20.59800664451827
3,1.0,straight,Nonlinear Stabilization,29.259117577386117,31.5,9,4.289883061947434,0.14851534812272388,24.25249169435216
3,1.0,straight,Proposed AI,22.46601073130796,32.0,7,1.4063274621594957,0.14879548398786305,35.548172757475086
3,1.0,circle,Pure Pursuit,16.847307097760226,8.5,11,3.9828843878389026,0.15524956788513083,43.85382059800664
3,1.0,circle,Line of Sight,17.02791303137756,7.0,10,4.172650100091548,0.15539709357504594,46.84385382059801
3,1.0,circle,Vector Field,21.758303740180285,15.0,8,9.594045151618538,0.15797666695422236,37.54152823920266
3,1.0,circle,Nonlinear Stabilization,18.547771965823465,15.5,13,3.9712620452570517,0.16215109418177268,42.19269102990033
3,1.0,circle,Proposed AI,27.027749828815722,21.5,6,21.026562426078716,0.13227295366499348,27.57475083056478
3,1.0,polyline,Pure Pursuit,19.377227720081844,1.0,7,0.45612112397956395,0.16109097094234387,37.2093023255814
3,1.0,polyline,Line of Sight,11.349826365274462,11.5,7,1.7957745884210592,0.1579328346428138,53.156146179402
3,1.0,polyline,Vector Field,20.330120975546603,21.0,4,13.412059442276488,0.1287346657229535,44.18604651162791
3,1.0,polyline,Nonlinear Stabilization,15.765832924729512,19.5,5,9.949504906370649,0.1461111599344806,44.518272425249165
3,1.0,polyline,Proposed AI,20.55005213220569,20.5,4,16.973296496051834,0.10733855033588356,48.50498338870432
3,1.5,straight,Pure Pursuit,19.958321850971952,1.0,7,1.1541367143364205,0.16029227782185487,37.87375415282392
3,1.5,straight,Line of Sight,12.15790906941032,14.5,13,0.5656645323804081,0.15713876757380854,53.48837209302325
3,1.5,straight,Vector Field,14.860547518194517,54.0,2,13.962503519308688,0.12172346255369901,64.11960132890366
3,1.5,straight,Nonlinear Stabilization,27.19402956494605,33.5,7,3.1382290838438855,0.14576380936866867,28.23920265780731
3,1.5,straight,Proposed AI,24.392852976459352,33.5,4,3.818320925221995,0.14095898704860788,35.548172757475086
3,1.5,circle,Pure Pursuit,19.29715408277088,14.5,17,5.752902556736066,0.14716167726306884,40.19933554817276
3,1.5,circle,Line of Sight,18.972492872164306,7.0,12,4.460440268429344,0.1425462412450004,38.205980066445186
3,1.5,circle,Vector Field,22.835625513771355,14.0,9,1.912953356249517,0.16263787719005812,31.893687707641195
3,1.5,circle,Nonlinear Stabilization,18.14023235519977,15.0,6,11.156687573843026,0.1484925586781494,42.19269102990033
3,1.5,circle,Proposed AI,22.609005141141743,22.0,7,9.944044562032426,0.1386097215384558,38.205980066445186
3,1.5,polyline,Pure Pursuit,19.99286535617666,1.0,8,1.1541367143364205,0.16008462293782427,38.53820598006645
3,1.5,polyline,Line of Sight,12.15790906941032,14.5,14,0.5656645323804081,0.15713876757380854,53.48837209302325
3,1.5,polyline,Vector Field,18.724381676338492,19.0,5,4.452804866793661,0.14500502772764087,44.18604651162791
3,1.5,polyline,Nonlinear Stabilization,21.379709032401326,19.5,7,1.3434509899450209,0.14366816705177235,40.19933554817276
3,1.5,polyline,Proposed AI,21.680670089840504,20.5,6,15.493628091738534,0.13554766526478584,34.21926910299003
3,2.0,straight,Pure Pursuit,23.683280403266533,10.5,18,3.863878949605051,0.1518253302933581,34.21926910299003
3,2.0,straight,Line of Sight,12.039994838860409,14.5,16,0.5784035197057626,0.15872230492668568,54.81727574750831
3,2.0,straight,Vector Field,24.89507548867465,28.0,7,7.886643494348114,0.15019269252426448,36.21262458471761
3,2.0,straight,Nonlinear Stabilization,22.153822867204045,32.5,12,2.445734808151773,0.16553523357095742,36.87707641196013
3,2.0,straight,Proposed AI,28.769751341008043,30.5,11,1.2595513284651592,0.14211970181635947,29.568106312292358
3,2.0,circle,Pure Pursuit,18.896321996152555,11.0,11,4.713190350106143,0.1520668753137934,42.857142857142854
3,2.0,circle,Line of Sight,19.322593671458655,7.0,26,4.205974477495578,0.15467736621486936,37.87375415282392
3,2.0,circle,Vector Field,22.536037561113442,13.5,11,3.3593998470664523,0.15958648165737088,29.568106312292358
3,2.0,circle,Nonlinear Stabilization,18.883000671652802,15.0,7,5.45316945576238,0.16038962829744413,39.8671096345515
3,2.0,circle,Proposed AI,25.414041579346907,22.0,7,7.322537244252021,0.1355746927081019,31.893687707641195
3,2.0,polyline,Pure Pursuit,15.631170127596707,10.5,13,3.863878949605051,0.1643290130391963,44.18604651162791
3,2.0,polyline,Line of Sight,12.039994838860409,14.5,17,0.5784035197057626,0.15872230492668568,54.81727574750831
3,2.0,polyline,Vector Field,22.18939965056,20.5,9,7.667367427898018,0.14660297017835794,39.53488372093023
3,2.0,polyline,Nonlinear Stabilization,19.50103321585176,14.5,9,6.677270069024797,0.16359692053322086,39.53488372093023
3,2.0,polyline,Proposed AI,22.981678425407146,15.5,7,11.415507580175964,0.15115131236829707,30.564784053156146
3,3.0,straight,Pure Pursuit,21.486278423700483,13.5,20,1.6472795591429055,0.16393403465064427,39.53488372093023
3,3.0,straight,Line of Sight,22.600410985643787,13.0,17,0.4734053501487825,0.14754653543960983,38.87043189368771
3,3.0,straight,Vector Field,30.08758971178875,41.5,14,4.405561562112817,0.16014340922834705,20.930232558139537
3,3.0,straight,Nonlinear Stabilization,27.397711540003172,30.0,9,7.0768273128252694,0.1625504522171119,29.568106312292358
3,3.0,straight,Proposed AI,26.682550981193963,23.0,9,5.064657493594894,0.15131285711174156,34.21926910299003
3,3.0,circle,Pure Pursuit,14.927153121770028,15.0,18,3.2476814019127325,0.17067981224540416,40.53156146179402
3,3.0,circle,Line of Sight,19.958405176766984,7.5,20,1.667620924790345,0.14700421839015915,36.87707641196013
3,3.0,circle,Vector Field,17.400976924200013,14.5,8,1.7748228758382112,0.16219717438685946,47.176079734219265
3,3.0,circle,Nonlinear Stabilization,17.76575602747391,12.5,8,5.1161965655632855,0.15479332653963074,46.84385382059801
3,3.0,circle,Proposed AI,22.21710978292256,14.0,15,0.3787030277069352,0.15367831441830337,32.55813953488372
3,3.0,polyline,Pure Pursuit,17.6446411844065,13.5,13,1.4360809368701197,0.16141944574354564,42.857142857142854
3,3.0,polyline,Line of Sight,12.260018714855864,13.0,12,0.4734053501487825,0.16171329722731695,50.83056478405316
3,3.0,polyline,Vector Field,19.764298303673748,20.0,12,9.96182694545793,0.15128519012146455,47.176079734219265
3,3.0,polyline,Nonlinear Stabilization,18.64524318778878,14.5,13,4.233974392141971,0.15260544864750433,45.182724252491695
3,3.0,polyline,Proposed AI,23.03986142329084,23.5,7,15.201207162301055,0.13764917050768982,44.18604651162791
4,0.5,straight,Pure Pursuit,20.274789799434057,20.5,8,6.714869298834838,0.15445420036981936,36.21262458471761
4,0.5,straight,Line of Sight,20.01109255891217,11.5,7,0.6540048588636047,0.1460562481690159,41.19601328903654
4,0.5,straight,Vector Field,29.2151553744187,20.0,6,4.3456702980948245,0.14424273355150138,26.578073089701
4,0.5,straight,Nonlinear Stabilization,29.939906771793073,22.5,7,1.0120878472609522,0.14074879969245976,27.57475083056478
4,0.5,straight,Proposed AI,28.86761810875589,23.5,6,6.706657972067809,0.1440987407540365,18.272425249169437
4,0.5,circle,Pure Pursuit,18.07477140497252,11.0,15,1.1053845073397248,0.1660582817176033,40.53156146179402
4,0.5,circle,Line of Sight,15.519216160315203,8.5,12,2.0893641201943574,0.1513262493171553,46.84385382059801
4,0.5,circle,Vector Field,19.8615811333734,17.0,6,8.645964476467043,0.15172537120616011,42.19269102990033
4,0.5,circle,Nonlinear Stabilization,18.8687810076814,13.5,7,13.392183278392649,0.15192087366403373,38.53820598006645
4,0.5,circle,Proposed AI,26.96958128470549,22.5,6,21.035268984392197,0.13305285530018793,27.242524916943523
4,0.5,polyline,Pure Pursuit,15.488747808266195,12.5,8,1.3699177563216178,0.1606754905725141,44.518272425249165
4,0.5,polyline,Line of Sight,11.366067943531561,11.5,7,0.6540048588636047,0.15646746750257085,53.820598006644516
4,0.5,polyline,Vector Field,18.828756612019383,20.0,6,12.81112120530905,0.13768099194630193,43.85382059800664
4,0.5,polyline,Nonlinear Stabilization,17.929211440074454,22.5,6,12.942120031590173,0.12761334253854378,48.17275747508305
4,0.5,polyline,Proposed AI,23.859035320620354,23.5,6,9.991610716934503,0.11627331304383962,39.8671096345515
4,1.0,straight,Pure Pursuit,21.05076157120575,11.5,8,0.7885136849796037,0.15094311031045168,38.53820598006645
4,1.0,straight,Line of Sight,11.37164665321093,11.5,9,3.0087071789689297,0.15831224382174133,57.475083056478404
4,1.0,straight,Vector Field,26.530982935345428,20.5,8,11.655838487047186,0.15979199009993122,19.93355481727575
4,1.0,straight,Nonlinear Stabilization,18.199119785802583,13.5,8,1.9151631141207108,0.16217382869871402,39.8671096345515
4,1.0,straight,Proposed AI,27.565457091429394,15.5,6,5.796712742844928,0.15047030498117245,24.58471760797342
4,1.0,circle,Pure Pursuit,17.615760148341895,11.0,12,1.8188367146042506,0.1471761287394239,44.518272425249165
4,1.0,circle,Line of Sight,14.422988949275497,8.5,10,2.082082202398146,0.16674698116019812,51.82724252491694
4,1.0,circle,Vector Field,20.419786061721,18.0,5,19.512824258175346,0.133554518137342,43.85382059800664
4,1.0,circle,Nonlinear Stabilization,20.651643146176564,14.5,8,8.696469830741046,0.14964155591278572,36.21262458471761
4,1.0,circle,Proposed AI,23.58958105700953,12.0,8,11.566519484715387,0.16112376932387376,27.57475083056478
4,1.0,polyline,Pure Pursuit,18.58811855037692,11.5,7,0.7885136849796037,0.1594929724954721,39.53488372093023
4,1.0,polyline,Line of Sight,11.37164665321093,11.5,9,3.0087071789689297,0.15831224382174133,57.475083056478404
4,1.0,polyline,Vector Field,19.521179834820508,20.5,6,8.444122986069704,0.1378592384802081,46.179401993355484
4,1.0,polyline,Nonlinear Stabilization,17.156562891545754,13.5,6,8.28589250530336,0.1540522077533768,42.19269102990033
4,1.0,polyline,Proposed AI,24.84507191542529,15.5,7,8.931696360338236,0.15876721890786535,24.58471760797342
4,1.5,straight,Pure Pursuit,20.934540612273203,12.5,10,0.851301822453232,0.15141484579133652,38.87043189368771
4,1.5,straight,Line of Sight,11.548484153729227,12.0,13,3.0591554676867467,0.1628479010342872,54.15282392026578
4,1.5,straight,Vector Field,36.31275912357008,59.0,8,7.216505513094132,0.1564054484909839,18.272425249169437
4,1.5,straight,Nonlinear Stabilization,22.508244364360085,16.5,6,2.5452552789310987,0.14150468503302938,35.880398671096344
4,1.5,straight,Proposed AI,28.986291112484906,33.0,5,6.322680286900128,0.14313441564827661,27.57475083056478
4,1.5,circle,Pure Pursuit,17.619303155758452,22.5,12,3.854360747139266,0.12836481519291554,50.16611295681063
4,1.5,circle,Line of Sight,14.623588379982152,13.5,15,2.843552421391742,0.16501713202470467,52.49169435215947
4,1.5,circle,Vector Field,18.541864084927347,15.0,6,11.284652949075866,0.13871642226444725,46.84385382059801
4,1.5,circle,Nonlinear Stabilization,20.758787659273754,19.0,7,3.309929579002863,0.15547176109602232,37.54152823920266
4,1.5,circle,Proposed AI,22.468607089878528,12.0,9,10.8122639341335,0.13804610772933995,36.21262458471761
4,1.5,polyline,Pure Pursuit,17.448101304006855,12.5,7,2.343334988338161,0.1595616738440501,40.863787375415285
4,1.5,polyline,Line of Sight,11.23575040519721,11.5,9,3.0591554676867467,0.15879312858068217,53.48837209302325
4,1.5,polyline,Vector Field,26.16710958957505,14.5,10,2.2521799907894167,0.165902070562741,30.89700996677741
4,1.5,polyline,Nonlinear Stabilization,17.24196539513538,16.5,6,2.5452552789310987,0.1355064187077028,49.83388704318937
4,1.5,polyline,Proposed AI,17.553953537826754,11.5,7,2.3059212769336455,0.1460997899317496,49.501661129568106
4,2.0,straight,Pure Pursuit,18.886766061365055,13.5,7,0.9597667662837672,0.1597494178884628,41.19601328903654
4,2.0,straight,Line of Sight,22.39878149858663,15.5,17,1.3070855693613304,0.13902675700308081,39.202657807308974
4,2.0,straight,Vector Field,22.63972850365485,87.5,5,14.992770886096165,0.1424865741439853,41.86046511627907
4,2.0,straight,Nonlinear Stabilization,17.925782989699368,14.0,3,1.2227599362863728,0.1292891183385838,54.48504983388705
4,2.0,straight,Proposed AI,22.13236724979788,30.5,5,8.75107216961733,0.1455960966131315,40.19933554817276
4,2.0,circle,Pure Pursuit,18.64109397755375,17.0,14,2.838961581647178,0.14937394693078843,38.53820598006645
4,2.0,circle,Line of Sight,16.50441244942161,8.0,18,3.203158597325709,0.15449342667462018,47.176079734219265
4,2.0,circle,Vector Field,21.45853132336076,14.0,13,1.1225038421765987,0.16795653354840587,33.5548172757475
4,2.0,circle,Nonlinear Stabilization,24.294905332850078,19.5,8,5.81714746651754,0.16141321838669231,29.900332225913623
4,2.0,circle,Proposed AI,27.30939434332827,48.0,12,14.40391595773584,0.14738906576535937,25.249169435215947
4,2.0,polyline,Pure Pursuit,17.21713126061989,12.5,10,2.44366103194945,0.1613825767552495,41.52823920265781
4,2.0,polyline,Line of Sight,12.60949378115086,15.5,15,1.3070855693613304,0.157519932332533,53.156146179402
4,2.0,polyline,Vector Field,21.554359675869847,18.0,12,4.376003026186435,0.16437717988532058,36.87707641196013
4,2.0,polyline,Nonlinear Stabilization,19.537727757903326,14.0,10,1.2227599362863728,0.16266106123664012,39.53488372093023
4,2.0,polyline,Proposed AI,21.407327685453893,12.0,11,2.6550075416279064,0.15380591309282904,39.53488372093023
4,3.0,straight,Pure Pursuit,23.027558454419108,14.0,9,0.1238803630223142,0.1586954374932158,40.19933554817276
4,3.0,straight,Line of Sight,20.259791956251103,15.0,23,5.290313069322554,0.1504218848059574,39.53488372093023
4,3.0,straight,Vector Field,15.834355642273168,51.0,5,15.452559584331523,0.13713823594101152,66.11295681063123
4,3.0,straight,Nonlinear Stabilization,26.36505083295326,25.5,12,3.5689148680995944,0.15645864094605433,30.564784053156146
4,3.0,straight,Proposed AI,23.41685978387417,31.5,12,5.924241049390083,0.15027606882361058,38.205980066445186
4,3.0,circle,Pure Pursuit,17.470052764315383,16.0,15,0.17667524944017998,0.1647443303042696,39.202657807308974
4,3.0,circle,Line of Sight,18.08274482271349,8.0,22,1.0296887238175447,0.15081682551841685,41.52823920265781
4,3.0,circle,Vector Field,21.73667694333549,18.5,9,11.375221330822413,0.15163962212911858,39.53488372093023
4,3.0,circle,Nonlinear Stabilization,20.614889000962002,19.0,8,6.917115637019066,0.15132209075338,41.52823920265781
4,3.0,circle,Proposed AI,27.645333566862128,22.5,8,17.442712836280243,0.15299308073219323,27.242524916943523
4,3.0,polyline,Pure Pursuit,17.127047095173122,14.0,9,0.1238803630223142,0.16415554917853364,43.18936877076412
4,3.0,polyline,Line of Sight,13.374032960495747,15.0,23,5.290313069322554,0.1601197907556582,49.16943521594684
4,3.0,polyline,Vector Field,23.449139356662926,20.0,12,8.127140394064213,0.16581758166784247,34.55149501661129
4,3.0,polyline,Nonlinear Stabilization,16.355875436899208,12.5,7,2.8555306904566615,0.161164148971289,50.83056478405316
4,3.0,polyline,Proposed AI,15.30062092673294,12.0,9,4.580025531389761,0.15274981385602268,53.820598006644516
