seed,wind,shape,method,mean_dev,adaptation,n_evade,min_dist,mean_energy,success
0,0.0,straight,Pure Pursuit,21.00498891335956,11.5,14,3.8609393792192055,0.15472506540886424,37.54152823920266
0,0.0,straight,Line of Sight,13.969287176976275,20.5,9,1.5889738380598857,0.15579805313272563,52.159468438538205
0,0.0,straight,Vector Field,29.499099657800162,80.5,8,15.737257742803266,0.16082759885513842,12.956810631229235
0,0.0,straight,Nonlinear Stabilization,26.733675289299985,35.0,7,0.38453300499210563,0.15026010053041114,29.900332225913623
0,0.0,straight,Proposed AI,31.826110107960346,34.0,7,3.976628674085246,0.14865073944730536,21.262458471760798
0,0.0,circle,Pure Pursuit,16.382977676563318,2.5,7,0.26642986312155514,0.16271931723660218,42.524916943521596
0,0.0,circle,Line of Sight,14.213193024551465,8.5,11,1.614129179209943,0.1680093010075867,52.823920265780735
0,0.0,circle,Vector Field,20.71527487501284,15.5,9,3.7323594122739987,0.14982262676564276,39.8671096345515
0,0.0,circle,Nonlinear Stabilization,20.730878879922614,16.0,6,9.35127560662897,0.1539036160475719,37.2093023255814
0,0.0,circle,Proposed AI,25.588184803333395,19.5,6,19.86565118818124,0.13490090164218624,30.89700996677741
0,0.0,polyline,Pure Pursuit,18.960344313331134,11.5,9,3.8609393792192055,0.15969400771402908,38.53820598006645
0,0.0,polyline,Line of Sight,12.444667107035315,15.5,12,4.403294945498596,0.15732053054485826,51.82724252491694
0,0.0,polyline,Vector Field,20.835230967720612,20.0,6,14.548060229547787,0.1460277397005172,39.8671096345515
0,0.0,polyline,Nonlinear Stabilization,17.435521446143092,16.5,10,8.073241306109846,0.15170366732387247,42.857142857142854
0,0.0,polyline,Proposed AI,17.083664056364576,23.5,4,6.92237125488265,0.11897338162396667,56.810631229235874
0,1.5,straight,Pure Pursuit,18.59720896072197,4.5,11,1.1618979805994272,0.20739235726369587,46.51162790697674
0,1.5,straight,Line of Sight,22.83144226508261,1.0,7,2.459356415429802,0.2053522189632157,36.21262458471761
0,1.5,straight,Vector Field,18.654122151971,53.5,2,20.316460784305228,0.17462214808511833,64.45182724252491
0,1.5,straight,Nonlinear Stabilization,31.655183078621853,38.0,10,0.4699627879896493,0.19003554999437733,22.92358803986711
0,1.5,straight,Proposed AI,30.704625218854005,38.0,6,0.4820061422064512,0.19634287028449193,22.259136212624583
0,1.5,circle,Pure Pursuit,18.07900029278219,16.0,14,5.672722775245472,0.19114441547440092,41.52823920265781
0,1.5,circle,Line of Sight,15.380223192918308,15.0,5,1.2938635126825204,0.21873153020547068,49.501661129568106
0,1.5,circle,Vector Field,23.500876786763722,16.5,7,1.2051638259385005,0.18883564055779975,31.22923588039867
0,1.5,circle,Nonlinear Stabilization,18.35435145814164,13.0,7,1.7192581662676822,0.19061801871892214,35.548172757475086
0,1.5,circle,Proposed AI,22.02411469522479,20.0,7,0.955655136518919,0.19110926568079492,37.2093023255814
0,1.5,polyline,Pure Pursuit,20.843291736564606,4.5,8,1.802825363722695,0.20187264856275175,39.53488372093023
0,1.5,polyline,Line of Sight,19.554243925839568,1.0,6,1.9466086516616592,0.17794742457936819,39.202657807308974
0,1.5,polyline,Vector Field,21.84913706429483,21.5,8,1.0723903766426979,0.19369478030842513,31.893687707641195
0,1.5,polyline,Nonlinear Stabilization,19.8649374564723,25.0,9,8.328154190530901,0.18917587479427425,40.53156146179402
0,1.5,polyline,Proposed AI,20.037253396976798,24.0,7,17.876804530657367,0.18732548598130475,40.19933554817276
0,3.0,straight,Pure Pursuit,35.928243723405345,12.5,9,2.030433332781124,0.39836439997051387,21.59468438538206
0,3.0,straight,Line of Sight,19.177184051317262,15.0,9,1.7228794610451565,0.4264868813426526,47.840531561461795
0,3.0,straight,Vector Field,24.776379876038977,66.0,4,19.8073202829621,0.3983393857951328,56.14617940199336
0,3.0,straight,Nonlinear Stabilization,43.31506986940483,0.5,11,9.075702648634621,0.39406990238076905,11.627906976744185
0,3.0,straight,Proposed AI,40.07695513145001,0.5,8,4.014661978432602,0.3725275480946339,9.966777408637874
0,3.0,circle,Pure Pursuit,28.114771089949294,49.5,13,7.720741745170476,0.4092907015769184,20.930232558139537
0,3.0,circle,Line of Sight,29.486258727397747,47.5,14,2.7048026935981575,0.4154500719955935,27.906976744186046
0,3.0,circle,Vector Field,23.7404968268074,11.0,7,1.3018843619328226,0.4216350705186884,28.903654485049834
0,3.0,circle,Nonlinear Stabilization,27.73672635562993,11.5,13,4.813431130204959,0.3863488924756139,11.295681063122924
0,3.0,circle,Proposed AI,32.234438809457274,80.5,8,2.518890854362711,0.38658194909384386,12.624584717607974
0,3.0,polyline,Pure Pursuit,27.543070958376575,12.5,6,2.030433332781124,0.41620854392450823,31.561461794019934
0,3.0,polyline,Line of Sight,13.293844632169295,15.0,7,1.7228794610451565,0.41822908567636397,59.136212624584715
0,3.0,polyline,Vector Field,22.206668818518345,29.0,4,25.54101909085373,0.38307173530970273,43.18936877076412
0,3.0,polyline,Nonlinear Stabilization,25.121551887964284,0.5,5,13.826859084020533,0.357124594113057,18.6046511627907
0,3.0,polyline,Proposed AI,24.580872436378694,0.5,4,25.087987103927585,0.39220920498655637,28.23920265780731
1,0.0,straight,Pure Pursuit,25.391386987696368,14.0,9,4.1102797537514135,0.14901513022618543,33.5548172757475
1,0.0,straight,Line of Sight,19.723663650520447,13.0,17,3.025070148208437,0.1507485135109301,42.19269102990033
1,0.0,straight,Vector Field,31.641333556113985,44.5,6,7.6360514758867035,0.15041760734650822,21.59468438538206
1,0.0,straight,Nonlinear Stabilization,28.24914007122436,34.5,10,6.092465495128397,0.1508420930756728,28.57142857142857
1,0.0,straight,Proposed AI,25.878304194298888,42.0,5,2.4579096887233867,0.1376696496294004,31.22923588039867
1,0.0,circle,Pure Pursuit,16.27061685903646,12.0,14,1.340336146136174,0.1668834437880371,42.19269102990033
1,0.0,circle,Line of Sight,15.542418593287508,8.0,12,0.20176708086938788,0.15549212556143718,48.50498338870432
1,0.0,circle,Vector Field,20.847185540244414,18.0,9,8.51845095942978,0.1513847808092155,39.8671096345515
1,0.0,circle,Nonlinear Stabilization,21.171592919491562,17.5,10,8.8517497928483,0.14555669615597988,37.87375415282392
1,0.0,circle,Proposed AI,24.13045275354025,19.0,7,10.374136459856826,0.13926224802630682,32.22591362126246
1,0.0,polyline,Pure Pursuit,20.333942685042278,14.0,8,4.686656966018354,0.15775149378254,37.2093023255814
1,0.0,polyline,Line of Sight,12.310640643181731,13.5,12,3.088673309369927,0.15764697932530095,50.83056478405316
1,0.0,polyline,Vector Field,18.713758237397222,20.5,5,11.948311985181443,0.14609754270460856,45.84717607973422
1,0.0,polyline,Nonlinear Stabilization,21.826358495972705,20.5,6,8.383630848817596,0.14767004882774465,41.86046511627907
1,0.0,polyline,Proposed AI,21.065956117741347,15.0,9,5.950955089733061,0.13700788242111903,45.182724252491695
1,1.5,straight,Pure Pursuit,16.387058472974118,8.0,11,0.3254342357892135,0.20210435613693228,48.837209302325576
1,1.5,straight,Line of Sight,20.008380465310402,21.0,7,2.2489355199431547,0.20214312053926342,40.19933554817276
1,1.5,straight,Vector Field,31.53993617936932,39.0,6,1.714295638801893,0.18900830760104187,23.25581395348837
1,1.5,straight,Nonlinear Stabilization,35.490615545311165,36.0,11,2.2119219571898068,0.1923692578637056,19.93355481727575
1,1.5,straight,Proposed AI,36.73730634946538,37.0,7,1.4125466607117598,0.18591410625817925,21.262458471760798
1,1.5,circle,Pure Pursuit,18.584487285441995,11.5,12,1.5737306991065285,0.20112454576856065,41.86046511627907
1,1.5,circle,Line of Sight,18.291527217264296,17.5,12,0.7226811497384826,0.19166849101709688,37.2093023255814
1,1.5,circle,Vector Field,23.844353835717246,13.0,6,1.3329165568733643,0.19432422059056031,31.22923588039867
1,1.5,circle,Nonlinear Stabilization,22.70479940131252,13.0,13,0.9117975006408905,0.1979709598704047,31.893687707641195
1,1.5,circle,Proposed AI,21.39743860548432,13.0,11,3.5210931149018494,0.18268169300645967,37.54152823920266
1,1.5,polyline,Pure Pursuit,20.35057317205047,8.0,7,4.098428614381706,0.19494544453579976,52.49169435215947
1,1.5,polyline,Line of Sight,22.504786763785084,23.0,3,0.43457176853933,0.17766940141379575,48.50498338870432
1,1.5,polyline,Vector Field,21.389722863137717,19.0,5,10.891673653806745,0.17774516194010614,40.863787375415285
1,1.5,polyline,Nonlinear Stabilization,20.65457696440271,21.0,4,13.288760104537328,0.17271424942483216,46.51162790697674
1,1.5,polyline,Proposed AI,23.129015399598632,24.0,10,1.6126693858220058,0.16851152293890642,36.544850498338874
1,3.0,straight,Pure Pursuit,16.856177567001165,2.5,9,1.5702943189413965,0.432853188285169,36.87707641196013
1,3.0,straight,Line of Sight,10.34377055519524,12.5,11,0.44377894217969605,0.40073852031369883,72.42524916943522
1,3.0,straight,Vector Field,43.872537764882786,0.0,8,6.879413574167689,0.3829154058614446,10.299003322259136
1,3.0,straight,Nonlinear Stabilization,47.935441284964064,0.0,9,12.517654385428244,0.3993169966469255,9.966777408637874
1,3.0,straight,Proposed AI,29.787350492573424,89.5,3,23.07747391061415,0.4055036177773427,26.245847176079735
1,3.0,circle,Pure Pursuit,23.75449756424002,42.5,11,4.9346540275968165,0.3808308070536724,24.58471760797342
1,3.0,circle,Line of Sight,36.44804718471935,62.5,9,1.809641609013898,0.41922119696486115,19.93355481727575
1,3.0,circle,Vector Field,24.46651999824496,18.5,14,4.061565575535408,0.3945846772720704,22.92358803986711
1,3.0,circle,Nonlinear Stabilization,25.976290257702512,11.5,15,6.1431069515395285,0.357751512982373,12.29235880398671
1,3.0,circle,Proposed AI,24.696620594255503,2.0,10,3.666764338950652,0.3734426784532401,15.614617940199334
1,3.0,polyline,Pure Pursuit,17.389742332056827,2.5,10,1.1217114839149804,0.42613974414258377,39.8671096345515
1,3.0,polyline,Line of Sight,13.985744639953516,12.5,8,0.20657400251005775,0.38445077460127747,59.800664451827245
1,3.0,polyline,Vector Field,27.964657674592853,59.0,5,24.03492706715321,0.36847277217065477,26.245847176079735
1,3.0,polyline,Nonlinear Stabilization,24.534747555113544,31.5,4,13.98552609804304,0.34298180250725613,18.6046511627907
1,3.0,polyline,Proposed AI,23.261521137802166,34.5,5,19.84761231576663,0.36968283234716687,35.880398671096344
2,0.0,straight,Pure Pursuit,29.9191392812762,44.5,16,4.104661322305413,0.15385067136077613,27.57475083056478
2,0.0,straight,Line of Sight,11.85939322260472,14.5,13,1.9618279640908458,0.15591298683980015,51.162790697674424
2,0.0,straight,Vector Field,26.070158156818437,16.0,10,4.360590697221204,0.16002596850884554,29.900332225913623
2,0.0,straight,Nonlinear Stabilization,23.80797107074069,13.5,9,5.247555953387749,0.15302498836318607,33.5548172757475
2,0.0,straight,Proposed AI,24.15644671730959,22.0,5,6.639046276952571,0.13367829650076435,33.222591362126245
2,0.0,circle,Pure Pursuit,16.583117591509723,9.0,12,3.7585910554442847,0.16160088525597524,42.857142857142854
2,0.0,circle,Line of Sight,22.631374145187426,2.5,13,5.781121185359691,0.12560757500969125,33.88704318936877
2,0.0,circle,Vector Field,20.202493850226045,17.0,5,8.988566009856235,0.13970456267739728,44.85049833887043
2,0.0,circle,Nonlinear Stabilization,19.14374753617947,15.0,8,7.821519818468552,0.1530765185197132,41.19601328903654
2,0.0,circle,Proposed AI,22.139101231925885,19.0,6,13.052554547871608,0.13981950798739903,34.55149501661129
2,0.0,polyline,Pure Pursuit,13.833836341651583,16.0,7,1.7130450547937883,0.16332366591905798,44.518272425249165
2,0.0,polyline,Line of Sight,11.85939322260472,14.5,13,1.9618279640908458,0.15591298683980015,51.162790697674424
2,0.0,polyline,Vector Field,21.763020101805203,16.0,8,5.701030018905652,0.1494026207325022,37.87375415282392
2,0.0,polyline,Nonlinear Stabilization,18.538243067101,13.5,6,5.753914736878338,0.15251544972845393,43.521594684385384
2,0.0,polyline,Proposed AI,20.86022815971083,12.5,8,8.735598741125218,0.1524211322450199,35.548172757475086
2,1.5,straight,Pure Pursuit,20.587612119746296,0.5,11,2.7441446097533975,0.20457147306392348,44.85049833887043
2,1.5,straight,Line of Sight,18.993269734583688,26.0,11,1.2092577521131123,0.21284442633085848,48.837209302325576
2,1.5,straight,Vector Field,18.691839026813433,54.0,2,20.321846168938013,0.17491648476740418,64.11960132890366
2,1.5,straight,Nonlinear Stabilization,33.32030338884446,33.0,10,1.1292117868068505,0.1966443211805199,19.93355481727575
2,1.5,straight,Proposed AI,23.76591007750011,53.5,2,22.659162415923383,0.1995123870465089,33.5548172757475
2,1.5,circle,Pure Pursuit,22.517974340198496,18.0,9,4.65241566888074,0.19706846651629253,33.5548172757475
2,1.5,circle,Line of Sight,21.130903098825602,25.0,9,5.535276000517739,0.2005138795463929,32.89036544850498
2,1.5,circle,Vector Field,20.27852787274773,13.5,6,2.4720264793793447,0.21189945296244966,42.857142857142854
2,1.5,circle,Nonlinear Stabilization,22.294640935030003,15.0,15,1.0068933565606937,0.19449235861889155,31.893687707641195
2,1.5,circle,Proposed AI,23.681565767279213,23.5,4,1.0496991634768964,0.17569870388157124,38.87043189368771
2,1.5,polyline,Pure Pursuit,18.766952179411955,0.5,9,0.8331747835676495,0.20549737395333062,45.84717607973422
2,1.5,polyline,Line of Sight,17.687262529452813,12.0,5,2.0725588892401987,0.1813745564268139,45.84717607973422
2,1.5,polyline,Vector Field,18.652695256943243,20.5,4,10.029996703730617,0.19041877487764133,48.17275747508305
2,1.5,polyline,Nonlinear Stabilization,21.179582946527386,21.5,8,7.940212747334645,0.18095408539807833,40.53156146179402
2,1.5,polyline,Proposed AI,22.816529017173274,21.0,6,5.094335557846716,0.18940554295994672,36.87707641196013
2,3.0,straight,Pure Pursuit,38.98165347852308,7.5,6,6.906734484214589,0.3929985032105735,17.60797342192691
2,3.0,straight,Line of Sight,37.22222096291635,10.0,6,12.137784268546744,0.35228556002196576,20.59800664451827
2,3.0,straight,Vector Field,39.03912770839443,84.0,5,13.349327541757896,0.3954056132906631,17.275747508305646
2,3.0,straight,Nonlinear Stabilization,44.837078182975425,0.0,8,16.058148154416575,0.4130229027967679,9.634551495016613
2,3.0,straight,Proposed AI,44.29202792800155,0.0,8,14.213808264354068,0.3945452324005188,8.970099667774086
2,3.0,circle,Pure Pursuit,24.335755722672307,26.0,11,3.2432542698494666,0.36591072396763547,32.55813953488372
2,3.0,circle,Line of Sight,21.076111186446823,18.5,10,4.4134800028455565,0.4148247818080292,40.19933554817276
2,3.0,circle,Vector Field,25.20977570323231,17.0,10,3.7581438506839193,0.40428856712297495,26.578073089701
2,3.0,circle,Nonlinear Stabilization,19.6152631404461,28.5,11,12.460657204204182,0.4277597281600037,43.18936877076412
2,3.0,circle,Proposed AI,21.70372910352588,32.5,13,6.134432121685467,0.39918931143273334,26.910299003322258
2,3.0,polyline,Pure Pursuit,22.63348681799035,7.5,8,6.906734484214589,0.3480464046781152,35.21594684385382
2,3.0,polyline,Line of Sight,12.176515016597882,10.0,6,16.926164810144215,0.4315379129417285,57.80730897009967
2,3.0,polyline,Vector Field,22.091639398208514,24.0,3,23.57331498371961,0.40410947603871095,45.51495016611295
2,3.0,polyline,Nonlinear Stabilization,23.138299267742024,28.5,6,12.7792557764931,0.3424881165985842,30.89700996677741
2,3.0,polyline,Proposed AI,26.368856919380697,31.5,3,25.89052604433328,0.38539172208550526,32.22591362126246
